,lat,long
187,37.1359031,-3.6997962
213,35.33251154,140.10228255
226,27.821353,-82.620093
237,42.310052799823204,-8.61946304295237
421,42.4864482,-2.2848111
477,42.490301,-3.5450651
538,51.391383,-0.39216
552,38.1707363,-1.4668122
636,42.67265,-2.03533
721,42.284782,-3.794911
831,42.490301,-3.5450651
922,42.9950498,-1.3445432
925,42.9950498,-1.3445432
1006,38.70853,-0.98572
1051,43.38593893271157,-8.406595587730408
1077,26.6988679,-101.52553
1092,43.2467147,-8.27078
1094,42.8237296,-8.6323091
1118,43.22180424849579,-8.221455429827387
1123,43.417538244969215,-8.068553448322362
1129,42.8237296,-8.6323091
1142,43.3736598,-8.2229931
1150,43.46470951583092,-8.282039165496826
1153,42.8237296,-8.6323091
1175,43.4533012,-8.3473431
1177,43.4533012,-8.3473431
1178,43.482337943612066,-8.23714551627024
1222,43.2406807,-8.3770495
1226,51.46037,-0.965201
1254,42.2117,-8.7323
1255,42.2117,-8.7323
1317,42.8804533670607,-8.545732498168945
1318,42.8237296,-8.6323091
1381,37.7693815,-6.1637199
1423,42.7556589,-7.7660515
1429,42.8164467,-7.9995922
1455,42.7556589,-7.7660515
1486,42.284782,-3.794911
1487,42.8800507,-8.54469816
1508,43.4070908,-5.5917436
1540,42.77751510026665,-7.4138088018287345
1626,42.8237296,-8.6323091
1668,42.8237296,-8.6323091
1703,42.41981056116413,-3.1899183917660228
1724,40.3120713,-3.8890049
1725,42.1336181,-8.6916387
1836,42.4290487,-2.5422324
1872,42.5665948,-8.7255592
1954,42.3430948,-8.6984109
1995,41.96232,-3.41935
2043,40.4,-3.68333
2044,40.43279167,-3.69718611
2096,42.03622159501906,-8.646798133850098
2100,42.67698087,-1.81057903
2128,36.8333,-2.45
2268,40.3120713,-3.8890049
2411,41.4950118,1.8542375
2454,3.60774,-67.4417596
2464,42.76401424,-7.90691801
2502,42.76401424,-7.90691801
2503,42.8237296,-8.6323091
2596,43.01186501,-7.55773544
2598,42.8237296,-8.6323091
2605,43.0087,-1.31987
2643,42.90552729321628,-8.360496467183635
2644,42.90552729321628,-8.360496467183635
2645,42.90552729321628,-8.360496467183635
2657,38.53433,-0.81933
2662,43.32191,-3.01768
2680,43.01186501,-7.55773544
2695,42.371831310890336,-5.031237124834847
2733,43.0087,-1.31987
2734,43.0087,-1.31987
2738,43.03011,-7.32513
2740,42.8798431,-9.2981391
2809,42.8743764,-8.1340903
2810,42.8743764,-8.1340903
2812,42.8743764,-8.1340903
2839,42.3406,-3.70444
2862,42.8237296,-8.6323091
2877,42.6056,-5.57
2892,43.16334,-1.23743
2907,43.403221,-79.639319
2924,43.4344623,-3.8890505
2928,42.59934352,-5.56699723
2939,42.45777778,-6.05694444
3015,42.8804533670607,-8.545732498168945
3022,40.3120713,-3.8890049
3056,42.5665948,-8.7255592
3083,42.88057522520878,-8.54460597038269
3086,42.78076571277506,-7.490065664071466
3096,43.3013771,-8.4712842
3139,36.712301,-4.2392826
3153,42.1293801,-8.916355
3271,42.42085588,-3.18905607
3279,41.9603276,-8.8992321
3321,48.8155214,2.2241006
3326,41.8167,-8.85
3436,41.70151119,-8.83516431
3489,43.3692388,-7.4418014
3506,43.3013771,-8.4712842
3511,46.31474,-94.312073
3531,42.87684,-8.54432
3541,40.3919669,-3.8632712
3624,42.96809177,-8.44349446
3638,40.65762877,-4.69721854
3648,40.3120713,-3.8890049
3663,43.2788671,-6.0201004
3807,42.4273948,-5.2096875
3987,51.4551164,-0.5086841
3991,-33.4785739,-70.6929589
4013,43.2858832,-1.8521361
4123,42.284782,-3.794911
4149,43.2788671,-6.0201004
4164,39.631677,-86.348441
4184,43.1431011,-1.2466179
4271,36.8291816,27.2207684
4341,42.8800507,-8.54469816
4433,37.5820891,-5.6205968
4456,43.1351396,-8.9934183
4587,40.3120713,-3.8890049
4641,42.8237296,-8.6323091
4650,43.2176389,-2.0866885
4691,42.6976036,-0.5410493
4787,40.96055556,-5.66583333
4938,42.8237296,-8.6323091
4944,40.9144168,-5.7358551
4975,42.8800507,-8.54469816
5026,39.1250696,2.5637824
5041,38.2273565,-7.6128886
5317,41.77544709931779,-8.534084164128092
5346,42.8237296,-8.6323091
5387,42.8237296,-8.6323091
5466,42.8733828,-8.4220263
5489,42.8433824,-8.3012515
5641,41.4583644,-5.9771194
5667,42.7556589,-7.7660515
5681,40.6942254,0.5997883
5716,42.8237296,-8.6323091
5723,42.7556589,-7.7660515
5839,42.4290487,-2.5422324
5929,42.881855,-9.271996
6042,41.9603276,-8.8992321
6049,42.3430948,-8.6984109
6129,37.3136131,-6.0284301
6152,42.91340125,-8.011917
6167,42.8800507,-8.54469816
6212,36.1087953,-5.3663194
6287,42.4804282930374,-8.895307492500379
6303,37.5338887,-1.2255505
6307,42.8833,-8.55
6319,50.836524939077584,-0.23704405373208667
6372,41.016743,-73.8516
6436,42.8237296,-8.6323091
6457,42.8237296,-8.6323091
6534,41.046491,-73.894691
6554,43.040184,-8.0222874
6560,42.9055294,-9.183326
6572,42.8237296,-8.6323091
6574,42.9055294,-9.183326
6578,43.11244329,-9.21954011
6592,42.88667962,-8.49701822
6622,42.8733828,-8.4220263
6721,42.8433824,-8.3012515
6803,42.8800507,-8.54469816
6821,43.0991959,-6.8480354
6822,43.0991959,-6.8480354
6823,43.0991959,-6.8480354
6824,43.0991959,-6.8480354
6853,42.8164467,-7.9995922
6855,42.87684,-8.54432
6934,42.8237296,-8.6323091
6945,42.7556589,-7.7660515
6947,40.3120713,-3.8890049
6980,42.46305556,-8.74722222
6981,42.81152175,-8.56933594
6982,42.8237296,-8.6323091
6997,42.8800507,-8.54469816
7015,42.6978274,-7.54317
7030,42.8237296,-8.6323091
7031,42.8800507,-8.54469816
7066,42.9044,-8.36253
7074,42.8733828,-8.4220263
7080,43.2788671,-6.0201004
7081,43.2788671,-6.0201004
7092,42.8733828,-8.4220263
7114,42.7171071,-7.2740352
7116,42.9044,-8.36253
7121,43.2134578,-2.3754389
7176,42.92676,-8.16359
7195,42.70145480103158,-7.02218340194724
7211,42.92676,-8.16359
7215,42.8433824,-8.3012515
7229,42.8237296,-8.6323091
7272,42.8667,-7.86667
7300,43.47846935,-8.24390174
7320,42.8667,-7.86667
7372,42.8,-7.61667
7408,42.81048675,-7.62983143
7418,42.8800507,-8.54469816
7428,42.8237296,-8.6323091
7467,42.8237296,-8.6323091
7486,42.7802,-7.41375
7510,42.6978274,-7.54317
7531,42.87684,-8.54432
7610,43.449861,-1.5043439
7673,42.59934352,-5.56699723
7674,41.0022045,-2.8426672
7682,42.9044,-8.36253
7688,43.4416802,-5.8209772
7737,43.5622,-6.14641
7739,42.59934352,-5.56699723
7755,42.9839418,-8.1017157
7760,43.3833,-6.35
7810,42.45766,-6.05325
7885,42.9305719,-7.9427095
7886,42.46368,-5.88157
7889,42.8237296,-8.6323091
7911,42.46368,-5.88157
7921,42.46368,-5.88157
7936,42.4834,-5.72967
8040,36.3867663,-5.2198264
8042,36.3867663,-5.2198264
8044,43.2048631,-7.8207879
8051,37.5892698,-5.7553636
8070,42.6056,-5.57
8138,42.8237296,-8.6323091
8165,42.4241699,-5.2206
8168,42.87684,-8.54432
8170,42.8433824,-8.3012515
8187,55.4581,21.0619973
8197,-2.7,-78.88333333
8203,42.8733828,-8.4220263
8207,42.37109,-5.02618
8243,42.4653,-2.4484
8251,59.2271383,17.7601322
8261,42.88057522520878,-8.54460597038269
8264,37.3555341,-6.3317456
8265,42.8164467,-7.9995922
8275,43.45583636,-3.86458254
8277,42.7171071,-7.2740352
8288,42.8237296,-8.6323091
8307,42.880418317392326,-8.543838822577973
8320,42.8237296,-8.6323091
8322,42.3560132,-5.1874577
8324,42.3560132,-5.1874577
8336,42.8075088442035,-7.616380558084776
8337,42.7140162,-8.6836364
8348,42.8164467,-7.9995922
8353,42.26786,-4.40502
8363,42.7140162,-8.6836364
8382,43.00808983,-1.31970107
8390,42.8237296,-8.6323091
8408,42.55149765,-5.56963293
8409,42.88057522520878,-8.54460597038269
8417,42.8800507,-8.54469816
8431,42.5665948,-8.7255592
8461,42.8804533670607,-8.545732498168945
8467,42.3430948,-8.6984109
8468,42.7556589,-7.7660515
8475,36.6355853,-4.5879284
8487,42.87684,-8.54432
8490,42.8825738,-7.7352642
8499,42.3419170828578,-8.609816090524141
8512,43.48132,-5.43411
8521,40.4460066,-3.4473502
8524,42.7140162,-8.6836364
8531,42.2301205,-8.6779434
8537,28.4097691,-16.3435946
8549,42.91424312653845,-8.351717174520624
8597,40.9144168,-5.7358551
8624,41.9271539,-8.6819007
8636,42.915296952857645,-8.01653802394867
8651,43.46371,-5.06582
8652,42.91340124598119,-8.01191699554328
8657,42.6258701,-7.1826734
8702,42.8237296,-8.6323091
8746,42.2881793,-8.0037342
8762,42.84095,-7.735223
8766,43.42469,-4.78349
8795,40.4460066,-3.4473502
8803,42.7556589,-7.7660515
8813,59.3400441,17.9636591
8832,37.3136131,-6.0284301
8865,42.579758,-5.641834
8871,42.6978274,-7.54317
8881,43.4344623,-3.8890505
8882,43.386,-4.57212
8884,42.732465,-7.325337
8899,42.4290487,-2.5422324
8952,42.1336181,-8.6916387
8961,43.2788671,-6.0201004
8981,43.552171434452674,-6.371603608131409
8984,42.8433824,-8.3012515
8988,42.4880148,-2.2393773
8997,43.39055,-4.2922
9002,45.42151,13.3755107
9008,42.7171071,-7.2740352
9047,42.637752,-7.044459
9060,43.46029122,-3.80642109
9074,53.73591,-2.031612
9127,40.5820917,-3.8117237
9132,43.468469,-3.726403
9140,42.5787931,-6.9039356
9141,38.1603479,-0.6564332
9150,42.6042782,-6.809244899999999
9198,37.2628171,-6.3857343
9240,42.54335795344281,-6.5863123385747455
9250,42.488919081934654,-6.361502408981323
9251,42.87300021,-7.86851355
9324,43.538632269426316,-5.636961452437999
9367,42.5504611,-6.713956
9379,42.6978274,-7.54317
9438,38.7162303,0.1026971
9476,43.38342,-3.21776
9501,42.577342,-1.287091
9508,36.6355853,-4.5879284
9555,42.488919081934654,-6.361502408981323
9589,37.20500138,-7.23455842
9603,43.38886,-4.10858
9606,43.53369,-7.04051
9621,41.4259395,2.2110915
9627,42.8237296,-8.6323091
9643,41.4907394,-4.7058118
9689,39.8916978,-0.1749828
9697,37.5173758,-1.4757081
9711,32.5309154,-97.186747
9724,42.2301205,-8.6779434
9756,42.8237296,-8.6323091
9781,42.9877937,-7.2126538
9811,42.2888282,3.129184
9913,42.88057522520878,-8.54460597038269
9917,42.8433824,-8.3012515
9920,42.8433824,-8.3012515
9931,43.339465,-6.417639
9980,41.9186942,-3.1344912
10044,42.8433824,-8.3012515
10069,42.8800507,-8.54469816
10108,42.4381924,-6.2072614
10200,42.8164467,-7.9995922
10226,40.3120713,-3.8890049
10319,42.7556589,-7.7660515
10472,42.87684,-8.54432
10546,42.3911577,-3.0648999
10549,28.14509760766132,-15.65536301117321
10581,41.8078139,-9.2995163
10771,62.959648,21.027968
10838,42.8237296,-8.6323091
10863,42.7802,-7.41375
10920,42.8743764,-8.1340903
11047,43.366298,-64.237659
11054,42.7334399,-8.7967052
11129,42.55796181,-6.6237987
11135,42.8433824,-8.3012515
11147,41.4029384,2.15840502
11189,42.6258701,-7.1826734
11243,28.0248125,-15.5255036
11257,42.2278969,-4.4594339
11274,42.8800507,-8.54469816
11365,38.8721454,-3.2966333
11382,40.696348,15.5180492
11391,42.8,-7.61667
11399,51.682038,-3.458252
11406,42.8237296,-8.6323091
11416,42.8237296,-8.6323091
11444,28.0596213975586,-15.547394374753518
11460,42.4290487,-2.5422324
11486,42.239757,-7.910617
11571,42.8237296,-8.6323091
11577,13.6262440003008,-89.2698060005546
11683,42.8733828,-8.4220263
11696,42.8237296,-8.6323091
11768,42.81152175,-8.56933594
11795,42.2323453,-2.9567024
11859,42.8433824,-8.3012515
11875,42.87684,-8.54432
11940,42.8743764,-8.1340903
12105,42.7556589,-7.7660515
12133,38.1603479,-0.6564332
12181,42.81152175,-8.56933594
12244,42.4290487,-2.5422324
12275,42.6978274,-7.54317
12325,37.3681692,-5.3232769
12373,42.8237296,-8.6323091
12433,43.3149174,-8.2204775
12447,42.6258701,-7.1826734
12494,42.8433824,-8.3012515
12569,40.3120713,-3.8890049
12577,42.3886878,-3.0021433
12632,40.3120713,-3.8890049
12643,42.8164467,-7.9995922
12668,42.5787931,-6.9039356
12727,41.890873,-87.631454
12762,42.1110875,-8.850669
12763,42.7556589,-7.7660515
12820,42.3886878,-3.0021433
12965,42.7556589,-7.7660515
12975,42.8075088442035,-7.616380558084776
13090,37.8875012,-1.0367974
13116,42.873821,-7.86729507
13201,36.6355853,-4.5879284
13203,36.6355853,-4.5879284
13228,42.3886878,-3.0021433
13234,42.88301981,-9.27186019
13244,36.3867663,-5.2198264
13245,42.8237296,-8.6323091
13320,36.970298,-91.51308
13369,42.8743764,-8.1340903
13372,42.7140162,-8.6836364
13377,42.8237296,-8.6323091
13429,42.8164467,-7.9995922
13584,42.7890168,-1.6946203
13637,36.6355853,-4.5879284
13735,42.87300021,-7.86851355
13764,42.96809177,-8.44349446
13858,43.15065165,-8.36356105
13867,53.2987449,-6.387438
13940,37.3136131,-6.0284301
14041,41.5231077,-4.928146
14095,43.51653149,-8.16721066
14116,43.48363017,-8.20939288
14183,42.344,-3.6986
14222,42.8237296,-8.6323091
14231,42.90539607538026,-8.361716341152341
14241,42.8237296,-8.6323091
14262,43.3818082,-3.4596958
14305,42.7890168,-1.6946203
14321,42.90552729321628,-8.360496467183635
14351,42.8733828,-8.4220263
14354,42.6265401,-8.7509089
14396,42.8433824,-8.3012515
14447,42.8743764,-8.1340903
14468,42.78354870153063,-7.533321340236338
14538,42.284782,-3.794911
14563,42.7556589,-7.7660515
14567,42.7890168,-1.6946203
14607,42.67225223,-6.97531059
14613,42.8804533670607,-8.545732498168945
14614,42.73092236121637,-7.1569392621370165
14627,42.8075088442035,-7.616380558084776
14639,42.67245600817351,-6.975603243537776
14654,42.5973104,-6.9397834
14671,42.5973104,-6.9397834
14675,42.88057522520878,-8.54460597038269
14687,41.8078139,-9.2995163
14689,42.5973104,-6.9397834
14730,42.1898796,2.5794148
14812,43.2428704,-2.2099882
14824,42.8433824,-8.3012515
14859,53.966206,-1.5979582
14918,43.2176389,-2.0866885
14997,40.5624202,-4.1992141
15113,42.8667,-7.86667
15128,42.5471618,-5.6313015
15156,42.91322453,-8.01140964
15175,42.8667,-7.86667
15223,43.417262,-80.160648
15224,28.0248125,-15.5255036
15225,28.0248125,-15.5255036
15228,28.0248125,-15.5255036
15243,42.8667,-7.86667
15324,53.805522057603795,10.382207191370545
15376,40.8792776,-3.6753641
15445,43.2788671,-6.0201004
15452,38.6260305,-6.5177178
15526,42.3430948,-8.6984109
15701,42.8237296,-8.6323091
15749,41.9622488,-6.6665051
15787,42.91340125,-8.011917
15972,42.70783929454881,-7.043811082935223
15990,28.0248125,-15.5255036
16133,42.8237296,-8.6323091
16246,42.8237296,-8.6323091
16280,42.4742,-5.35478
16356,42.5903164,-8.3697031
16563,42.4069595,-7.6052466
16673,42.3262586,-7.3774
16749,40.5807921,-3.5936405
16832,42.873821,-7.86729507
16846,43.010044,-1.320651
16859,42.8237296,-8.6323091
16864,42.8798431,-9.2981391
16879,42.3698,-3.47944
16912,42.573207025970326,-1.2840163707733154
16917,41.8078139,-9.2995163
17002,42.4290487,-2.5422324
17095,42.873169231911625,-7.868607377043358
17118,38.961273,-76.246439
17210,42.6978274,-7.54317
17368,41.50256743394477,-5.748560542098879
17827,53.479202,-2.532847
17871,37.1359031,-3.6997962
18318,41.4518349,-1.174093
18357,38.6720825,-2.1812992
18419,49.967561,19.79343
18443,43.3736598,-8.2229931
18557,42.67245600817351,-6.975603243537776
18856,42.8798431,-9.2981391
18942,41.8078139,-9.2995163
18969,42.90539607538026,-8.361716341152341
18974,42.8733828,-8.4220263
18978,42.8733828,-8.4220263
18979,42.8733828,-8.4220263
18981,42.8733828,-8.4220263
19029,42.8433824,-8.3012515
19056,42.8743764,-8.1340903
19059,42.8743764,-8.1340903
19141,43.41009064,-2.94559941
19150,42.8164467,-7.9995922
19172,42.7556589,-7.7660515
19200,42.6679416,-7.6568144
19211,33.83553300341025,135.6570339202881
19246,42.7556589,-7.7660515
19279,42.6679416,-7.6568144
19306,42.6978274,-7.54317
19308,42.6978274,-7.54317
19383,42.284782,-3.794911
19474,40.3120713,-3.8890049
19475,40.3120713,-3.8890049
19500,-6.1803,106.8233
19838,53.1916578,10.331035
20241,43.4533012,-8.3473431
20260,55.894729,-3.3285119
20526,37.715968,-1.3852332
20542,42.6978274,-7.54317
20638,41.861388,-1.8399519
20716,37.715968,-1.3852332
20797,-30.9102848,30.3208985
20815,40.3120713,-3.8890049
20931,37.1480999,-6.0636797
20993,28.0200139,-15.7096328
21448,43.2175718,-2.5902794
21583,42.8825738,-7.7352642
21863,42.7437495,-8.5297184
22012,36.516968,-6.3061112
22124,43.3214061,-6.3625892
22203,42.4290487,-2.5422324
22312,48.87607,9.39512
22595,53.2987449,-6.387438
22823,28.412753,-16.4567744
23006,42.344,-3.6986
23022,40.29944444,-3.44083333
23049,59.2271383,17.7601322
23118,43.1119,-9.21944
23124,19.348153,-99.192574
23245,47.4953154,-122.436232
23254,40.5477636,-3.9597497
23257,40.5477636,-3.9597497
23510,36.4598413,-5.0149567
23528,40.6779842,-3.61743269
23544,43.10688486,-9.21750936
23711,47.68176084804869,-122.40450969281495
23832,51.424602,-0.8976
23881,43.10436424,-9.21686012
23956,41.6558738,12.2344266
24016,42.8237296,-8.6323091
24151,42.34905,-3.81762
24190,42.861776800339,-1.5706653134603052
24501,43.4344623,-3.8890505
24508,40.3120713,-3.8890049
24526,-45.90321,-67.568308
24534,40.2562653,-3.9484767
24640,36.6355853,-4.5879284
24708,-35.0714629,-58.7759842
24873,-34.726948,-58.40649
25274,36.9160919,-6.0497685
25399,40.3120713,-3.8890049
25416,42.59021513,-5.55969502
25417,42.7667,-6.28333
25571,53.8053145,-8.4276429
25770,42.34034,-4.60078
25810,42.8237296,-8.6323091
25818,42.8743764,-8.1340903
25907,41.5171401,1.9437494
26574,42.488919081934654,-6.361502408981323
26579,42.8804533670607,-8.545732498168945
26643,39.476414690412014,-0.3753274282358162
26825,52.17493,-7.2591796
26946,40.3120713,-3.8890049
26953,28.47867487371396,-16.2417309636112
26961,38.554325,-7.1602883
27068,39.2783813,-0.4325447
27100,53.3508617,-6.4757083
27106,53.3508617,-6.4757083
27111,40.3120713,-3.8890049
27184,19.357102,-99.1919955
27445,37.395755,-6.011086
27484,37.395755,-6.011086
27626,42.54416667,-6.59361111
27702,37.395755,-6.011086
27742,43.4533012,-8.3473431
27879,42.73575768,-1.74255583
27996,-32.6425566,-62.706463
28001,52.8577783,-7.1683614
28012,42.70783929454881,-7.043811082935223
28069,51.124357,6.688728
28086,43.4533012,-8.3473431
28142,43.1325997,-4.6442393
28154,43.3080209,-8.3120417
28156,40.3120713,-3.8890049
28241,19.3998346,-99.1843501
28270,40.4056277,-4.5445758
28412,42.2581675,-4.6913731
28519,43.5480468,-7.8057964
28610,42.8237296,-8.6323091
28676,42.5707889,-8.6073341
28801,42.1293801,-8.916355
28895,53.343623,-2.319934
29132,43.3606786,-4.2808017
29319,42.3430948,-8.6984109
29592,42.8974991,-8.6013498
29719,42.1225,-6.71916667
29729,42.42556942,-8.63529165
30134,43.1712777,2.2622287
30784,42.67690917343375,-2.0359031755456845
30939,42.1392767,-3.8178894
31006,43.02057776,-1.32422582
31056,42.87684,-8.54432
31113,42.4764402,-6.5515333
31731,56.791292,-2.342785
31754,38.7,-9.18333333
31875,40.3120713,-3.8890049
31928,41.65206154,-0.88096619
31957,41.3894,2.1683
31958,41.3894,2.1683
32151,42.59838309,-5.56932669
32201,43.432944,-80.626184
32539,41.5751959,-6.3045899
32601,42.35672703,-7.86135743
32676,-35.348970061,138.44212992
32840,42.883511320155556,-9.271696432169037
32858,43.3013771,-8.4712842
32859,42.3851921,-6.712964
32860,38.5779623,-9.0929599
32917,42.54416667,-6.59361111
33045,39.82375728,-7.49008373
33086,42.7890168,-1.6946203
33191,42.88057522520878,-8.54460597038269
33211,47.4953154,-122.436232
33256,42.88057522520878,-8.54460597038269
33272,42.87684,-8.54432
33278,42.74794492,-1.72288063
33337,38.1277872,-0.7824914
33363,38.1277872,-0.7824914
33389,38.1277872,-0.7824914
33392,39.4417939,-3.0755845
33404,42.91340124598119,-8.01191699554328
33411,43.3013771,-8.4712842
33414,41.8078139,-9.2995163
33415,40.42326279,-3.68843702
33417,42.88056111,-8.54388889
33422,42.81152175,-8.56933594
33451,42.9964116,-9.2995163
33463,42.81152175,-8.56933594
33589,43.3013771,-8.4712842
33615,42.8667,-7.86667
33706,42.78497805,-7.54216756
33769,42.73074,-7.32672
33864,42.87684,-8.54432
33910,42.4653,-2.4484
34009,42.938727,-7.4387303
34020,35.0158912,-106.7916912
34032,42.913249,-8.01159697
34105,42.69857588,-7.08429254
34169,42.70794599,-7.04328775
34178,56.13746,8.97611
34237,42.54416667,-6.59361111
34259,42.45536217,-6.15946261
34260,37.3732152,-5.9956932
34261,37.3732152,-5.9956932
34262,37.3732152,-5.9956932
34263,42.46211202,-6.07897797
34337,43.3214061,-6.3625892
34343,42.46388889,-5.87666667
34344,42.46388889,-5.87666667
34345,42.46388889,-5.87666667
34348,42.61242913,-6.37478722
34355,42.46388889,-5.87666667
34356,42.46388889,-5.87666667
34382,51.279951,1.08240545
34394,43.1824687,-6.203672
34419,42.5173,-5.76621
34420,42.5173,-5.76621
34422,42.58127316,-5.63936341
34423,37.3732152,-5.9956932
34424,42.6056,-5.57
34425,42.6056,-5.57
34451,43.2788671,-6.0201004
34461,43.2788671,-6.0201004
34463,42.8237296,-8.6323091
34832,41.68376884952388,12.494331209860379
34855,42.499037,-6.457719
34856,42.44105161521983,-2.952370757522838
34864,42.5640053,-6.5523024
34913,42.8798431,-9.2981391
34924,55.933889,-4.609623
34936,42.8800507,-8.54469816
34996,42.907386258591714,-9.263901419232146
35119,43.2858832,-1.8521361
35187,51.6928685,0.46469976
35263,42.8800507,-8.54469816
35270,42.4630328,-9.2995163
35278,53.2987449,-6.387438
35279,53.2987449,-6.387438
35280,53.2987449,-6.387438
35304,42.67265,-2.03533
35383,42.6258701,-7.1826734
35392,51.8676744,6.0895876
35422,42.59874246,-5.56790949
35531,48.35403473,11.78922202
35566,45.2606345,8.7871961
35761,42.45766,-6.05325
35872,43.1057079,-9.21698502
35873,43.1057079,-9.21698502
35874,43.1,-9.1
35875,43.3519434,-8.3895595
35876,42.88529174,-9.27162272
35877,42.95612614,-9.17865898
35879,42.87684,-8.54432
35884,42.73574914,-1.74215638
35886,43.537265,-7.048985
35887,43.16334,-1.23743
35889,43.16334,-1.23743
35911,43.0087,-1.31987
35932,43.112133,-9.2204792
35933,37.6166106,-6.1404869
36007,43.55670452,-7.13715082
36009,42.57134,-1.28058
36076,1.33752,103.92067
36100,42.8800507,-8.54469816
36277,43.54383278,-6.53261585
36292,42.5471618,-5.6313015
36374,42.8798431,-9.2981391
36387,43.4072585,-8.1718823
36409,43.2788671,-6.0201004
36470,43.48821,-6.11177
36471,42.8237296,-8.6323091
36498,42.9833,-1.36667
36504,42.88529174,-9.27162272
36541,42.1167,-7.55
36733,42.6777555,-6.9745813
36734,42.6777555,-6.9745813
36735,42.6777555,-6.9745813
36736,42.6777555,-6.9745813
36737,42.6777555,-6.9745813
36858,41.89890153,-8.87470482
36876,42.34012021,-3.70425457
36972,42.8800507,-8.54469816
37036,40.9725272,-5.665371
37046,42.87684,-8.54432
37082,42.45415327,-8.75351264
37143,42.81152175,-8.56933594
37162,42.81152175,-8.56933594
37222,45.6725227,5.7182997
37237,43.0991959,-6.8480354
37239,37.33262542,-5.82933522
37254,40.30861111,-3.68444444
37257,40.266415,-3.7613175
37261,42.8237296,-8.6323091
37268,42.88065245,-8.54569021
37269,43.15121,-7.68683
37278,42.47488,-7.26812
37281,42.35,-3.66667
37304,42.75704092,-8.63084502
37311,40.0,-3.0
37320,42.88325075,-9.27184531
37368,39.055572,-77.040246
37372,42.8800507,-8.54469816
37406,45.9024237,5.8222832
37420,42.8800507,-8.54469816
37434,42.8237296,-8.6323091
37448,42.8667,-7.86667
37481,42.8237296,-8.6323091
37526,42.6310235,-2.0680288
37541,42.70073,-8.64903
37550,42.47488,-7.26812
37639,42.5428367,-8.1109233
37657,42.8227852,-8.7248383
37680,42.8433824,-8.3012515
37744,40.4,-3.68333
37760,42.8433824,-8.3012515
37769,42.04608502,-8.64369218
37792,40.0851684,-1.2729839
37812,42.0224369,-8.7306227
37819,42.19115,-8.63998
37829,42.204227,-8.605081
37886,42.8237296,-8.6323091
37888,42.7556589,-7.7660515
37909,42.1667,-8.61667
37969,42.6978274,-7.54317
38034,43.105921703462506,-9.217201214392281
38039,36.3867663,-5.2198264
38046,40.785365,-73.933612
38050,42.8800507,-8.54469816
38087,42.9089325,-9.2629074
38095,36.0502188,-5.5507944
38098,42.9089325,-9.2629074
38131,42.4726192909104,-5.851109547910407
38154,42.5665948,-8.7255592
38268,42.87684,-8.54432
38276,42.6601564,-8.11365458
38328,42.8825738,-7.7352642
38379,42.8490779,-8.9191301
38382,42.8800507,-8.54469816
38393,41.5126,2.1946
38421,42.499037,-6.457719
38432,41.08196,-4.42524
38445,43.54547178,-6.38676655
38447,43.54547178,-6.38676655
38449,43.54547178,-6.38676655
38505,42.8813853,-7.1827515
38550,42.78497805,-7.54216756
38597,42.43263512,-8.64323866
38811,42.8237296,-8.6323091
38841,41.5064717,2.0464922
38861,42.90305,-1.54181
38884,43.5576688,-6.30617171
39003,43.549917,-6.47275
39009,42.8237296,-8.6323091
39014,42.87684,-8.54432
39038,28.0248125,-15.5255036
39079,36.3304995,-6.2141719
39125,22.5399851,-102.657513
39150,42.28186,-8.60896
39162,42.88057522520878,-8.54460597038269
39241,42.8800507,-8.54469816
39288,42.87684,-8.54432
39290,42.9044,-8.36253
39360,40.3120713,-3.8890049
39395,-3.9833,-79.2
39401,38.6720825,-2.1812992
39446,42.85876684,-7.78009238
39461,37.5338887,-1.2255505
39492,42.1293801,-8.916355
39612,42.8237296,-8.6323091
39633,42.87684,-8.54432
39705,42.8237296,-8.6323091
39766,42.77708672,-7.41657366
39836,37.5667,-6.1
39844,42.8237296,-8.6323091
39845,42.8237296,-8.6323091
39884,42.87684,-8.54432
39926,42.906904,-8.359909
39969,42.8061498,-7.6174321
39990,42.8237296,-8.6323091
40009,42.8061498,-7.6174321
40019,42.90552729321628,-8.360496467183635
40034,37.1022932,-3.0541026
40082,42.4381924,-6.2072614
40091,-32.9602539,-68.89559
40105,42.8433824,-8.3012515
40111,37.42322717,-5.89958094
40113,42.9305719,-7.9427095
40114,42.7802,-7.41375
40123,43.24317145,-1.30037844
40124,42.43073647961041,-8.644051916654085
40172,42.04253,-8.87766
40174,42.8825738,-7.7352642
40250,42.04253,-8.87766
40320,43.4622259,-7.2834509
40421,51.9772264213839,-2.03410488116464
40447,42.65042322,-2.04416745
40759,43.47929,-3.52961
40859,42.73092236121637,-7.1569392621370165
40877,36.7167,-4.4237
40917,41.92271,-8.84349381
40947,41.9514407,-3.0668597
41071,36.8932539,-4.8275228
41087,42.81825641,-1.64993205
41169,42.1110875,-8.850669
41399,42.76401424,-7.90691801
41436,24.673115,121.282664
41548,40.4078655,-4.0436198
41604,40.3120713,-3.8890049
41703,42.45766,-6.05325
41742,42.5223905456445,-6.478858981979405
41746,47.5742,-117.565226
41823,42.7140162,-8.6836364
41952,42.5665948,-8.7255592
41979,-41.164136,174.770789
41998,42.3430948,-8.6984109
42015,43.3013771,-8.4712842
42130,51.6881851,-10.6195445
42181,42.0224369,-8.7306227
42356,42.96694898,-9.03893928
42357,42.96694898,-9.03893928
42394,41.3170475,2.0524766
42419,-22.85855789,-43.10076692
42784,38.7268887,-6.6568728
42850,37.35243098,-121.96869755
42939,53.1992829,-6.2820377
43041,42.465,-6.12861111
43107,42.8237296,-8.6323091
43264,42.92676,-8.16359
43692,51.5141,-0.1094
43753,-15.795,-47.75777778
44226,51.417277,-0.259465
44356,42.89029471,-8.45591856
44496,39.67359432,-105.02693873
44534,41.8078139,-9.2995163
44801,45.15832,10.792135
44903,27.6377504,-18.1606948
44940,47.6073222,6.807347
44944,47.6228122,6.7907521
44967,42.87684,-8.54432
45016,42.81702984,-1.64608982
45049,42.8833,-8.55
45368,40.8027337,28.6321043
45424,43.128397880048155,-4.786653672392888
45595,42.81152175,-8.56933594
45885,42.8237296,-8.6323091
45934,43.31650023,-1.98559792
46057,40.0,-3.0
46064,42.4245997,-2.80174066
46102,42.874488,-1.506513
46166,13.7724099999347,-89.7416789998278
46394,43.1431011,-1.2466179
46655,42.87684,-8.54432
47095,19.357102,-99.1919955
47201,43.11763,-7.0783
47598,40.3120713,-3.8890049
47686,42.60089801,-5.5712502
47768,43.11763,-7.0783
47948,38.0015544,-1.2734485
48117,42.87684,-8.54432
48250,51.436221,-0.0335507
48567,53.343623,-2.319934
48640,42.6056,-5.57
48658,40.8050283,-5.3531917
48682,37.715968,-1.3852332
48734,42.87684,-8.54432
49024,42.707902,-7.043879
49138,-34.674453,-58.5317922
49177,42.76401424,-7.90691801
49209,53.7596295,-1.3131915
49262,42.4055312,-2.6237034
49309,41.9194959,-4.6549149
49432,30.127892,-97.928935
49658,42.60946,-6.80856
49663,42.80912399,-7.61467905
49739,20.023592,-98.863407
49966,38.0983901,-0.9593104
50063,39.8264038,-2.3551373
50576,6.09258,-75.6369
50975,40.4,-3.68333
51259,37.395755,-6.011086
51309,42.46368,-5.88157
51360,37.1871971,-5.9444033
51430,43.403221,-79.639319
51905,42.67074,-2.0266099
52088,42.8800507,-8.54469816
52135,49.9419037,14.2252428
52658,40.0,-3.0
52760,32.52965,-117.0368
52981,42.87684,-8.54432
53114,42.3244466,-3.8586632
53216,42.873169231911625,-7.868607377043358
53219,42.8800507,-8.54469816
53440,42.8237296,-8.6323091
53619,41.644102,-87.940033
53709,42.92676,-8.16359
53761,42.3386,-3.92669
53858,40.4,-3.68333
53931,43.36,-5.845
54199,20.5834183,-103.664175
54247,37.1669041,-1.846906
54301,42.0006,-71.5165
54539,40.3589503,-4.0464882
54612,41.3170475,2.0524766
54639,52.6729945,-1.2852075
54712,42.76401424,-7.90691801
54715,42.76401424,-7.90691801
54782,42.76401424,-7.90691801
54784,42.76401424,-7.90691801
54785,42.76401424,-7.90691801
54804,42.76401424,-7.90691801
54833,42.847417912107524,-1.6869706255859274
54999,43.2569,-2.9236
55028,40.59863830936706,-3.71585210102297
55042,42.54863,-6.59841
55060,42.2278969,-4.4594339
55061,42.2278969,-4.4594339
55124,52.069634,-106.8249536
55197,42.3171717,-3.9776529
55296,42.284782,-3.794911
55302,42.340328270697064,-3.7040175698824425
55331,42.76401424,-7.90691801
55332,42.6667,-1.81667
55389,42.340328270697064,-3.7040175698824425
55394,42.34041672,-3.70437192
55451,40.94797963,-4.11779965
55495,40.8348098,-4.3367625
55579,42.35474,-4.86552
55625,26.3483092,80.0633414
55657,43.4416802,-5.8209772
55674,37.11141,-3.60003
55818,43.02364668,-7.5604665
55931,25.22345602,55.34911859
56262,37.8789,-4.7794
56381,42.284782,-3.794911
56455,51.4192154,-10.2254601
56517,53.1992829,-6.2820377
56602,41.3170475,2.0524766
56660,43.40296924,-3.95192793
56718,43.271948,-6.6090472
56733,42.7428375,-8.6328403
56788,42.8974991,-8.6013498
56937,43.26536,-2.59274
56976,54.526592,-1.201408
56985,54.526592,-1.201408
57078,42.9964116,-9.2995163
57093,43.3013771,-8.4712842
57114,42.43246,-8.65237
57237,47.43609354,-121.77862517
57293,42.9167,-8.0
57451,40.3120713,-3.8890049
57806,42.87684,-8.54432
57807,43.2136542,-2.9860102
57995,40.3120713,-3.8890049
58067,42.00217623177922,-8.876619026114184
58222,42.8389784,-7.7784569
58259,37.6642548,-4.9970099
58386,43.38042,-2.98339
58442,42.44194444,-2.9525
58463,43.4833,-8.2
58637,47.3202171,8.448081
59062,43.0101014,-1.3194457
59065,43.0087,-1.31987
59067,37.4074808,-4.5645573
59072,52.2428,-0.8981
59145,-34.937896,-56.430439
59151,52.45632,13.62571
59176,37.0730132,-5.9971713
59240,42.8237296,-8.6323091
59268,36.8968327,-6.0544178
59338,36.8421423,-6.2290055
59419,36.8435454,-6.085853
59515,36.516968,-6.3061112
59568,39.3460971,-2.9372829
59594,36.5257585,-6.3230654
59841,40.9144168,-5.7358551
60068,42.707902,-7.043879
60085,42.87684,-8.54432
60503,42.34034,-4.60078
60723,40.73144335,-3.94875516
60954,42.8800507,-8.54469816
61056,39.0018496,-0.6331778
61212,42.3886878,-3.0021433
61221,42.3886878,-3.0021433
61259,42.88959576,-8.54447488
61260,42.88959576,-8.54447488
61375,42.4130377,-7.9438848
61535,41.4583644,-5.9771194
61677,42.5471618,-5.6313015
61922,42.8237296,-8.6323091
62013,42.02701125704044,-8.64720281587484
62074,42.3487116,-3.5602862
62085,51.522076,0.624134
62303,42.74721,-8.9335749
62365,42.676167588359576,-1.8066152107466344
62402,42.48887319,-6.36148575
62473,16.638961,-98.119796
62503,43.25611174779537,-8.258049488067627
62511,42.8237296,-8.6323091
62799,43.2788671,-6.0201004
62969,40.3120713,-3.8890049
63094,42.8237296,-8.6323091
63188,-25.6312931,-54.594767
63214,42.6035415,-7.392644
63300,42.7556589,-7.7660515
63782,42.80912399,-7.61467905
63799,41.0835227,1.1622865
63865,38.801826,-77.119401
63906,41.65,-4.71667
63917,42.7556589,-7.7660515
63974,42.8743764,-8.1340903
64015,41.5231077,-4.928146
64061,42.8237296,-8.6323091
64298,42.26786,-4.40502
64548,42.67134,-1.81295
64567,43.121903,-9.2147975
64598,42.4055312,-2.6237034
64601,43.3736598,-8.2229931
64636,43.1368908,-8.3598158
64704,42.0300735,-4.5157079
64726,42.8237296,-8.6323091
64756,43.2467147,-8.27078
64758,42.34581991,-3.48575673
64763,42.3570173,-3.46128861
64776,42.4667,-7.98333
64782,43.0087,-1.31987
64785,42.4667,-7.98333
64791,46.8193696,26.4932401
64817,42.3570173,-3.46128861
64870,42.43801,-3.08401
64873,42.43776,-3.06498
64936,43.4533012,-8.3473431
64978,42.4189,-2.72504
65036,42.4189,-2.72504
65077,40.4,-3.68333
65095,42.46652,-2.445526
65166,48.63583333,-1.51027778
65175,42.6349745,-2.08750971
65227,42.67134,-1.81295
65303,48.44769252,1.48770332
65363,42.817542,-1.647499
65400,48.43488,15.89791
65402,50.84278,-114.3160379
65425,42.93335415,-1.50380089
65542,43.35233848,-8.41010768
65656,41.94262094,-7.43675861
65657,41.94262094,-7.43675861
65730,42.46808021015103,-2.4446629001194284
65793,40.3120713,-3.8890049
65803,41.606343,-8.8817203
65857,42.45904,-5.8829
65870,42.8800507,-8.54469816
65973,42.90552729,-8.36049647
66128,42.87684,-8.54432
66139,42.7802,-7.41375
66142,42.9089325,-9.2629074
66144,42.87684,-8.54432
66176,42.9055294,-9.183326
66178,42.9055294,-9.183326
66183,42.9055294,-9.183326
66185,42.9055294,-9.183326
66201,42.82811,-8.47
66222,42.9055294,-9.183326
66223,42.8237296,-8.6323091
66228,42.9055294,-9.183326
66233,42.9055294,-9.183326
66240,42.9055294,-9.183326
66268,42.9055294,-9.183326
66354,61.940544,-132.508597
66370,33.644301,135.335744
66422,53.341661,-2.675408
66496,42.1293801,-8.916355
66528,38.06143978,-1.19744416
66692,42.80912399,-7.61467905
66799,42.88057522520878,-8.54460597038269
66844,42.06241,-7.46906
66847,40.3120713,-3.8890049
66867,54.4511368492598,-2.6896487528799
66997,42.8916676,-8.5330713
67013,40.72498937484147,-4.192642627648106
67020,42.66952,-2.02909
67106,40.3120713,-3.8890049
67120,42.8667,-7.86667
67144,42.88051823,-8.54558766
67145,42.88051823,-8.54558766
67146,42.8833,-8.55
67176,43.3818082,-3.4596958
67221,42.90552729,-8.36049647
67239,42.8237296,-8.6323091
67252,42.90552729,-8.36049647
67291,42.8237296,-8.6323091
67374,42.9167,-8.0
67394,42.92676,-8.16359
67433,42.8237296,-8.6323091
67449,42.7950468,-7.8354723
67450,42.7950468,-7.8354723
67451,42.85937021,-7.94861054
67476,42.8667,-7.86667
67478,42.8667,-7.86667
67529,42.8667,-7.86667
67648,42.89616583,-7.87027079
67690,42.8237296,-8.6323091
67692,38.7268887,-6.6568728
67693,42.73578238,-1.74250323
67708,42.67134,-1.81295
67730,49.5608489,6.0690117
67743,36.712301,-4.2392826
67777,42.8164467,-7.9995922
67795,42.2881793,-8.0037342
67823,43.00912347994231,-1.3199170529444415
67833,42.80585897,-7.61752788
67940,42.8237296,-8.6323091
67960,42.45904,-5.8829
67990,42.8237296,-8.6323091
68094,46.1890262,1.4037059
68111,42.92676,-8.16359
68141,40.347447624249234,-3.6962318172441178
68228,42.45904,-5.8829
68229,42.45904,-5.8829
68252,51.632984,-3.879315
68256,-33.45382577,-70.68690328
68467,43.4329337,-3.6558419
68518,43.3736598,-8.2229931
68571,42.8237296,-8.6323091
68654,42.8237296,-8.6323091
68658,43.16334,-1.23743
68704,43.3751674,-3.9241949
68719,42.8800507,-8.54469816
68731,42.8916676,-8.5330713
68747,42.7890168,-1.6946203
68748,42.7890168,-1.6946203
68840,42.030105,-91.763841
68896,42.7140162,-8.6836364
68924,42.8237296,-8.6323091
68929,42.8237296,-8.6323091
68951,-12.888244,-76.51316643
69027,42.87684,-8.54432
69060,42.8359661,-1.679483
69086,42.916960731146865,-8.010749816894531
69114,42.571603,-5.6535181
69147,42.8433824,-8.3012515
69175,40.4750093,-3.9495802
69207,42.7771705430992,-7.415504757950028
69238,47.025978,2.3237888
69252,40.3120713,-3.8890049
69300,40.3120713,-3.8890049
69302,42.7556589,-7.7660515
69306,42.7556589,-7.7660515
69308,42.7556589,-7.7660515
69325,42.87684,-8.54432
69365,47.1075034,2.5038558
69378,42.88057522520878,-8.54460597038269
69429,43.55091506,-6.82966197
69450,42.8166,-1.6463
69457,40.413612,-3.725079
69542,50.5842814,-2.497101
69577,42.0303584,-6.6424788
69628,42.88051823,-8.54558766
69652,42.8237296,-8.6323091
69672,42.78358266,-7.53322529
69683,40.9478836,-4.11808899
69698,42.45904,-5.8829
69714,42.62070688,-7.7533803
69742,42.3289055910206,-4.802649155789771
69814,42.59934351765041,-5.566997230052948
69866,42.3107547,-4.7811668
69964,42.88046444,-8.54508571
69991,40.3120713,-3.8890049
69996,42.45904,-5.8829
70051,37.3136131,-6.0284301
70250,42.87684,-8.54432
70345,41.6558738,12.2344266
70353,16.645909,-93.243094
70409,42.3521176,-7.7940853
70458,36.7591827,-4.4233635
70478,28.0061093,-15.5350339
70513,42.70834956,-1.76106884
70554,42.6258701,-7.1826734
70562,42.7890168,-1.6946203
70596,42.88057522520878,-8.54460597038269
70626,42.7428375,-8.6328403
70645,42.7140162,-8.6836364
70680,42.92877674,-8.15602676
70694,42.87684,-8.54432
70696,42.78247649,-7.52123419
70732,42.92619414,-8.09875014
70802,42.87300021,-7.86851355
70855,42.9950498,-1.3445432
70865,42.87318,-7.86927
70877,42.7167,-7.11667
70929,42.76401424,-7.90691801
71005,42.67086,-8.72505
71007,42.66775,-8.72335
71022,40.95041172,-4.12429616
71061,42.8433824,-8.3012515
71067,42.3430948,-8.6984109
71082,43.1431011,-1.2466179
71119,42.88051823,-8.54558766
71146,42.64198348,-8.8067027
71165,43.1431011,-1.2466179
71187,42.60821,-8.85857
71220,55.4883244,36.8878157
71223,42.58724613,-8.93015894
71236,42.8166,-1.6463
71257,39.614151,-105.109815
71328,40.3919669,-3.8632712
71337,-26.892137,-65.2807021
71384,42.1293801,-8.916355
71405,42.73074,-7.32672
71429,41.38333333,-4.45
71510,38.6404797,1.3800986
71568,42.5471618,-5.6313015
71586,42.8237296,-8.6323091
71621,38.6913748,-9.2298264
71623,42.88057522520878,-8.54460597038269
71682,42.90552729321628,-8.360496467183635
71696,42.3826069,-8.1401456
71770,42.8733828,-8.4220263
71771,42.8733828,-8.4220263
71783,52.9539959,-1.167773
71801,42.8733828,-8.4220263
71844,42.6056,-5.57
71853,42.87684,-8.54432
71910,42.49466754,-8.86343546
71948,42.8164467,-7.9995922
72015,42.87408620844971,-7.8594815845171455
72042,51.417277,-0.259465
72052,43.16334,-1.23743
72057,42.344,-3.6986
72059,42.344,-3.6986
72072,42.7556589,-7.7660515
72076,42.88186901,-8.54007044
72078,42.87684,-8.54432
72144,42.44194444,-2.9525
72336,42.873169231911625,-7.868607377043358
72399,41.8731254,-8.8688178
72403,42.91340125,-8.011917
72463,43.0087,-1.31987
72478,42.33506696,-3.6996274
72548,41.52061,1.75297
72552,42.87427983,-7.85881743
72601,42.8804533670607,-8.545732498168945
72618,42.7167,-7.03333
72710,43.403221,-79.639319
72719,41.3170475,2.0524766
72723,42.91053948,-8.74763541
72727,42.8237296,-8.6323091
72729,42.8237296,-8.6323091
72730,42.8237296,-8.6323091
72731,42.8237296,-8.6323091
72911,42.34035,-4.6007999
72931,53.178753,-6.5468143
72957,42.85876684,-7.78009238
72970,14.54130953,121.0552597
72989,43.48116504,-3.78718592
73195,42.87684,-8.54432
73208,43.3636,-8.4104
73220,42.8237296,-8.6323091
73256,42.7890168,-1.6946203
73274,42.8433824,-8.3012515
73304,43.6192265,-8.0758564
73307,19.83924561,-101.72715701
73342,42.88051823,-8.54558766
73355,42.88051823,-8.54558766
73372,42.45904,-5.8829
73392,37.67495,-1.69985
73419,43.25859022,-4.01347715
73440,42.8800507,-8.54469816
73486,42.8164467,-7.9995922
73499,42.96809177,-8.44349446
73504,38.01404184,-8.69758199
73505,45.543542,-124.848975
73513,42.8237296,-8.6323091
73539,53.309898,-1.573648
73554,42.87684,-8.54432
73555,43.0087,-1.31987
73564,40.3120713,-3.8890049
73606,43.4621014,-3.5462489
73621,42.9044,-8.36253
73648,42.88068,-8.54554
73649,42.7833,-7.36667
73651,42.7833,-7.36667
73652,42.7833,-7.36667
73654,42.76401424,-7.90691801
73667,42.8733828,-8.4220263
73676,45.543542,-124.848975
73677,45.543542,-124.848975
73684,43.15065165,-8.36356105
73685,42.37217710415911,-5.024592605439566
73751,42.8743764,-8.1340903
73773,42.81354339055641,-1.6427329843281766
73828,42.67134,-1.81295
73829,42.67134,-1.81295
73831,42.67134,-1.81295
73843,42.6978274,-7.54317
73868,42.90881673,-7.99886241
73871,43.56229825,-6.23134698
73879,43.27994,-8.21193
73943,42.643,-6.32127
73983,37.1359031,-3.6997962
74015,42.46128141,-6.76776805
74018,42.87346692,-7.86733857
74031,43.4072585,-8.1718823
74041,42.499037,-6.457719
74069,42.53687,-6.58795
74101,35.5246119996656,139.469163997617
74122,1.2123138339349,103.749959507073
74151,42.543951,-6.593715
74154,42.87684,-8.54432
74155,43.4621014,-3.5462489
74159,42.87684,-8.54432
74168,43.1431011,-1.2466179
74180,42.80585897,-7.61752788
74194,42.50095402,-6.46017555
74195,42.6578,-8.11072
74209,43.51362952,-8.15252403
74219,42.87684,-8.54432
74266,42.60301331,-8.64266813
74293,42.87684,-8.54432
74328,42.60365551,-8.65115061
74342,42.73074,-7.32672
74346,42.8237296,-8.6323091
74466,42.8164467,-7.9995922
74469,42.8733828,-8.4220263
74497,42.340806,-3.704472
74583,42.8237296,-8.6323091
74631,40.03621928,-6.09136
74673,42.67134,-1.81295
74696,42.31005,-8.619463
74723,42.46388889,-5.87666667
74742,42.26017017,-0.55300563
74759,42.88055557,-8.54564667
74772,47.7110752,-122.16171
74812,42.75661,-7.24056
74821,43.690391,1.839399
74842,42.2881793,-8.0037342
74887,42.60946,-6.80856
74907,42.56230054,-5.69721125
74955,40.8480795,-3.1186185
75005,42.70779095,-7.04406676
75084,42.90844,-9.2635471
75116,42.9089325,-9.2629074
75224,42.8237296,-8.6323091
75231,42.41739399,-2.73348671
75250,42.88051823,-8.54558766
75351,42.88301981,-9.27186019
75352,42.88301981,-9.27186019
75353,42.88301981,-9.27186019
75387,43.0428104,-1.269272
75441,43.33251386,-1.92355156
75476,42.8800507,-8.54469816
75511,42.88057522520878,-8.54460597038269
75533,42.87684,-8.54432
75537,42.88046444,-8.54508571
75562,43.0197435,-1.3523429
75570,43.1431011,-1.2466179
75616,42.8433824,-8.3012515
75632,42.90552729,-8.36049647
75684,42.3430948,-8.6984109
75685,42.8351201,-1.5970252
75694,-35.031373,-58.160874
75733,42.8164467,-7.9995922
75746,51.568928,-2.217258
75800,42.92877674,-8.15602676
75890,42.34891389,-8.60672628
75891,42.34891389,-8.60672628
75944,42.7556589,-7.7660515
76061,42.3459,-8.606823
76113,42.55546104,-8.63140047
76114,42.55546104,-8.63140047
76151,42.4290487,-2.5422324
76199,53.178753,-6.5468143
76205,42.80585897,-7.61752788
76208,42.77740241,-7.41582057
76270,42.82510356,-5.64190893
76322,42.5787931,-6.9039356
76339,42.6978274,-7.54317
76371,42.90539607538026,-8.361716341152341
76379,42.70779095,-7.04406676
76408,42.73092236121637,-7.1569392621370165
76460,42.1293801,-8.916355
76461,43.54383278,-6.53261585
76517,42.8237296,-8.6323091
76523,42.8804533670607,-8.545732498168945
76525,42.75661,-7.24056
76569,37.562483,-97.5349059
76591,42.4653,-2.4484
76593,42.51416,-2.37161
76594,42.56095,-2.28404
76596,42.52171051,-2.27200543
76672,42.76401424,-7.90691801
76708,43.3988269,-6.6582291
76738,42.70779095,-7.04406676
76813,42.50095402,-6.46017555
76815,42.8800507,-8.54469816
76824,42.5683,-2.19218
76827,42.5683,-2.19218
76829,42.62801,-2.10266
76830,42.65072695,-2.0440385
76841,42.93053642579552,-8.1298828125
76852,42.88194444,-1.91694444
76855,42.67253903,-6.96693053
76874,40.0,-3.0
76893,43.33389,-6.41655
76912,42.56909,-2.19426
76951,48.023547,14.376193
76955,42.87684,-8.54432
76992,42.67265,-2.03533
76993,42.6724737,-1.94541961
76994,42.67732,-1.88969
76995,42.67732,-1.88969
76996,42.80585897,-7.61752788
76997,42.67114,-1.86447
76998,42.90552729,-8.36049647
77022,42.93335415,-1.50380089
77024,43.541393617112035,-5.653581619262694
77078,43.40892,-6.26103
77081,42.0333,-8.63333
77083,42.8237296,-8.6323091
77097,42.67265,-2.03533
77166,42.67134,-1.81295
77167,42.87684,-8.54432
77170,42.67944444,-1.78555556
77172,42.67944444,-1.78555556
77173,42.71149,-1.75891
77174,42.81666667,-1.65
77197,42.67134,-1.81295
77244,43.38906,-6.07104
77262,42.90552729321628,-8.360496467183635
77268,43.4072585,-8.1718823
77332,37.25533,-7.20288
77365,43.5421,-5.6634
77368,42.8166,-1.6463
77372,42.87927223,-1.56618177
77448,7.36300952,3.85698438
77453,43.36,-5.845
77462,43.2600297,-2.4481285
77480,42.83117,-1.6103
77528,42.93335415,-1.50380089
77529,42.81666667,-1.65
77530,42.81666667,-1.65
77533,42.6978274,-7.54317
77548,43.461272606004776,-3.8075091236651804
77549,42.7802,-7.41375
77557,42.7802,-7.41375
77561,41.53952,-8.78156
77565,42.88057522520878,-8.54460597038269
77572,42.92676,-8.16359
77575,42.6310235,-2.0680288
77587,42.1796641,-8.1924311
77591,43.2505,-5.77201
77633,42.98845,-1.33643
77635,37.2474688,-5.8690966
77641,41.59382116,1.83951676
77645,-41.035009,-63.39386
77657,41.38734893,-8.76996088
77664,43.049678,-7.86762
77672,42.1257125,-4.2146012
77673,43.0087,-1.31987
77679,43.16040923,-5.82876748
77695,42.8667,-7.86667
77740,43.2879,-2.16295
77750,43.54581243778428,-6.533032158627354
77770,41.27445038,-8.72788879
77798,43.0167,-5.76667
77822,42.80585897,-7.61752788
77878,-41.035009,-63.39386
77900,43.366298,-64.237659
77949,42.94568126,-5.7211962
77954,42.8237296,-8.6323091
77966,42.88057522520878,-8.54460597038269
78013,42.67226096,-1.76152651
78020,42.8733828,-8.4220263
78024,42.87684,-8.54432
78033,42.8733828,-8.4220263
78036,43.3167,-1.98333
78081,42.79759,-5.62837
78142,43.16666667,-2.16666667
78152,41.51413469,-5.73958512
78160,42.87684,-8.54432
78210,42.8433824,-8.3012515
78211,42.8800507,-8.54469816
78221,45.48963501,9.12727185
78230,42.59871369,-5.56715012
78244,45.48963501,9.12727185
78259,7.36300952,3.85698438
78272,42.87684,-8.54432
78274,42.9044,-8.36253
78296,36.77267,-2.81764
78349,41.4518349,-1.174093
78358,37.6287368,-3.8740194
78365,42.93052801,-8.13109791
78383,42.7180476,-7.8880574
78387,42.92619414,-8.09875014
78391,40.478740494656726,-3.718590544684314
78394,42.2301205,-8.6779434
78434,42.7556589,-7.7660515
78442,42.87684,-8.54432
78448,42.87684,-8.54432
78456,42.6056,-5.57
78470,42.7556589,-7.7660515
78471,42.90552729321628,-8.360496467183635
78486,42.7556589,-7.7660515
78492,42.87684,-8.54432
78499,42.28186,-8.60896
78508,42.8075088442035,-7.616380558084776
78520,42.90948998,-7.99954325
78528,42.11986343,-8.29543735
78535,42.88787962,-7.96483979
78538,42.6978274,-7.54317
78552,42.8237296,-8.6323091
78580,10.43881041,-66.84064329
78625,42.4055312,-2.6237034
78665,42.43276277739192,-2.5519860989775625
78675,41.15341009318652,1.213168452138493
78703,40.2480325,-4.7039922
78715,43.16222222,-1.23722222
78721,42.76401424,-7.90691801
78725,45.3867262,9.040628
78767,46.177632,6.1102335
78818,42.75661,-7.24056
78833,-25.9842911,-57.8153496
78849,42.87684,-8.54432
78853,42.8743764,-8.1340903
78862,-32.891197,-68.83448
78869,-25.3479296,-57.6743043
78889,39.8854069,-5.061047
78894,42.87684,-8.54432
78902,36.4593802,-6.2007023
78910,42.0578171,0.2587204
78937,42.8166,-1.6463
78950,42.8433824,-8.3012515
78954,41.488249,2.3232427
78960,41.4518349,-1.174093
78977,42.698645,-7.08408
79036,42.70779095,-7.04406676
79050,40.4275756,-3.6673295
79066,42.68518664,-7.00952225
79075,40.4460066,-3.4473502
79086,42.066421,-7.3858327
79108,42.76401424,-7.90691801
79111,42.8800507,-8.54469816
79155,42.8743764,-8.1340903
79159,18.83765,-98.289206
79229,42.60946,-6.80856
79251,40.3120713,-3.8890049
79254,42.2701942,-5.9388507
79260,42.889338,-8.538692
79261,42.76401424,-7.90691801
79278,42.8164467,-7.9995922
79290,42.8237296,-8.6323091
79333,40.3120713,-3.8890049
79351,37.462403,-3.928354
79354,42.88047499,-8.54375839
79356,42.90525796,-8.69466719
79374,42.87684,-8.54432
79381,42.8,-7.61667
79424,42.8667,-7.86667
79425,42.80585897,-7.61752788
79432,42.8804533670607,-8.545732498168945
79434,42.87684,-8.54432
79476,42.7556589,-7.7660515
79485,37.5478,-6.05531
79500,42.8237296,-8.6323091
79566,13.72873,-92.2273874
79583,42.76401424,-7.90691801
79610,41.39335796165941,2.009710503253121
79618,42.67136675,-2.02558228
79648,40.41750342511128,-3.7036115742260547
79671,60.31841,24.96633
79752,42.8667,-7.86667
79765,42.5903164,-8.3697031
79784,41.2833,-8.7
79815,41.62263998,0.63847432
79826,48.8579,2.34877
79833,42.5342268,-8.264704
79872,42.7802,-7.41375
79932,42.54924,-6.59931
79933,40.3120713,-3.8890049
79994,38.50581,-0.23273
80008,42.344,-3.6986
80012,42.8433824,-8.3012515
80084,42.8237296,-8.6323091
80139,43.42834067,-7.36332695
80270,37.715968,-1.3852332
80321,40.3120713,-3.8890049
80345,47.383821,3.2111589
80349,42.9044,-8.36253
80376,42.87684,-8.54432
80383,42.7556589,-7.7660515
80451,40.3120713,-3.8890049
80453,37.3136131,-6.0284301
80455,43.5749313,-7.6544541
80489,42.6978274,-7.54317
80520,42.70779095,-7.04406676
80544,41.3793324,2.1407503
80546,42.87684,-8.54432
80607,42.8667,-7.86667
80617,42.87684,-8.54432
80652,42.8237296,-8.6323091
80655,40.3120713,-3.8890049
80659,42.76401424,-7.90691801
80674,42.88047499,-8.54375839
80697,39.01426551,-5.80216527
80724,38.248141521645586,-85.6852724336093
80749,49.5113599,5.9529381
80756,42.8,-7.61667
80761,42.8237296,-8.6323091
80766,42.76401424,-7.90691801
80793,42.8237296,-8.6323091
80796,42.4653,-2.4484
80801,42.78670306,-4.9731147
80814,42.764559,-2.8534914
80837,36.6355853,-4.5879284
80838,42.8237296,-8.6323091
80848,43.38886,-4.10858
80875,43.2048631,-7.8207879
80877,42.7802,-7.41375
80878,42.7802,-7.41375
80880,43.25,-2.96667
80899,44.57535,20.142418
80911,43.40892,-6.26103
80926,43.64620838557792,-79.40898619780963
80958,42.76401424,-7.90691801
80963,40.3120713,-3.8890049
80967,42.8237296,-8.6323091
80989,42.8237296,-8.6323091
80995,42.8433824,-8.3012515
81028,42.764559,-2.8534914
81036,42.76401424,-7.90691801
81041,42.75661,-7.24056
81053,42.8916676,-8.5330713
81117,42.8800507,-8.54469816
81178,42.87684,-8.54432
81191,43.01594,-7.56157
81194,51.415504,7.302443
81195,42.73074,-7.32672
81253,52.0977088,20.8525518
81277,40.48277,-3.7041
81287,42.8237296,-8.6323091
81289,42.8164467,-7.9995922
81321,42.60946,-6.80856
81364,42.80585897,-7.61752788
81434,42.7556589,-7.7660515
81435,42.7556589,-7.7660515
81449,42.46368,-5.88157
81505,43.34757901,-3.11288128
81529,42.6978274,-7.54317
81533,42.450443475033865,-3.027240540880264
81560,41.5231077,-4.928146
81564,43.73285,3.55371
81584,42.7171071,-7.2740352
81585,42.3886878,-3.0021433
81612,42.8733828,-8.4220263
81615,42.88057522520878,-8.54460597038269
81620,49.45,11.0833
81634,42.8237296,-8.6323091
81656,40.3947869399522,-3.678123950958252
81681,42.2278969,-4.4594339
81701,49.55673,11.12956
81761,42.7140162,-8.6836364
81889,49.75919194,10.95533745
81925,43.3013771,-8.4712842
81997,26.531814,-82.069567
82047,38.96708251,-6.3584549
82049,38.7268887,-6.6568728
82079,42.3074568,-8.6174614
82102,42.6978274,-7.54317
82162,49.93421895,10.85519507
82178,42.9950498,-1.3445432
82179,42.764559,-2.8534914
82202,40.3120713,-3.8890049
82203,42.9950498,-1.3445432
82233,42.26786,-4.40502
82377,41.8078139,-9.2995163
82389,42.8433824,-8.3012515
82427,41.5171401,1.9437494
82461,42.9044,-8.36253
82483,40.6696479,-3.4688875
82485,42.8237296,-8.6323091
82486,51.417277,-0.259465
82536,40.4,-3.68333
82538,-34.90689,-56.1507
82693,40.3120713,-3.8890049
82711,43.28811588244211,-2.168047608830154
82771,43.67531,4.62838
82824,42.4290487,-2.5422324
82850,42.8804533670607,-8.545732498168945
82887,43.42105,-7.385031
83197,42.45904,-5.8829
83253,40.3120713,-3.8890049
83306,42.92676,-8.16359
83455,36.8932539,-4.8275228
83525,42.8237296,-8.6323091
83625,42.45655117,2.03711855
83641,41.609807473439226,-4.758902766760883
83649,42.9877937,-7.2126538
83668,42.87684,-8.54432
83893,43.4344623,-3.8890505
83969,24.0133434,122.9040343
84021,42.8667,-7.86667
84040,51.4192154,-10.6195445
84050,49.68267,19.2478195
84060,51.4192154,-10.2254601
84105,43.00952,-7.56941
84128,38.53685,-0.14822
84160,25.7090404,-80.321683
84191,42.87684,-8.54432
84214,-6.217427,106.8778338
84232,42.537961,-6.518736
84269,42.901565,-8.362767
84391,42.73074,-7.32672
84402,42.46337,-5.884307
84448,42.43246,-8.65237
84537,40.5605685,-4.8165979
84555,42.66585,-6.94581
84609,40.9755745,-0.3762431
84636,42.28186,-8.60896
84639,9.93432,-84.18176
84641,42.8237296,-8.6323091
84703,42.8733828,-8.4220263
84751,42.60946,-6.80856
84809,36.50577459,-6.27716676
84810,42.8733828,-8.4220263
84854,40.46397725327795,-3.5705560018639453
84863,25.7090404,-80.321683
84864,41.6591139965581,-0.9106369153521335
84908,41.8078139,-9.2995163
84935,42.8433824,-8.3012515
84947,42.8800507,-8.54469816
84976,42.8743764,-8.1340903
85046,43.26702952,-2.49706997
85051,41.4518349,-1.174093
85060,25.797133,-80.276564
85145,42.7556589,-7.7660515
85197,42.87677639,-8.53694512
85198,43.2788671,-6.0201004
85224,42.87684,-8.54432
85245,42.26786,-4.40502
85266,42.8237296,-8.6323091
85270,42.73074,-7.32672
85275,42.6679416,-7.6568144
85302,19.3443632,-99.13226623
85324,42.92676,-8.16359
85348,42.3404221,-3.70401062
85359,42.5428367,-8.1109233
85362,42.6056,-5.57
85370,43.38906,-6.07104
85371,42.59871369,-5.56715012
85373,42.1336181,-8.6916387
85378,42.9089903905993,-7.999228890175269
85384,42.8433824,-8.3012515
85399,42.344,-3.6986
85432,42.8164467,-7.9995922
85458,42.90881673,-7.99886241
85465,42.73578238,-1.74250323
85478,51.69701,-0.386265
85480,51.69701,-0.386265
85537,41.3170475,2.0524766
85562,42.7556589,-7.7660515
85575,42.7556589,-7.7660515
85583,42.93069095,-8.13082571
85589,42.7802,-7.41375
85610,42.5903164,-8.3697031
85612,42.69582,-8.24181
85625,42.7167,-7.03333
85658,42.6035415,-7.392644
85714,42.614294,-2.2147288999999546
85720,40.0,-3.0
85727,40.41665322738825,-3.7109281993715233
85896,42.637752,-7.044459
85901,42.29198325,-8.60104581
85950,42.87684,-8.54432
85976,42.3851921,-6.712964
85986,42.74704,-0.51574
85987,30.144425,-88.473228
85993,40.73956,-73.99409
86065,42.21218369,-8.77508141
86167,40.0,-3.0
86183,42.8,-7.61667
86184,42.7802,-7.41375
86185,42.76401424,-7.90691801
86192,30.144425,-88.473228
86212,42.11975,-8.84963
86219,42.11975,-8.84963
86231,42.11975,-8.84963
86272,42.45766,-6.05325
86282,42.7167,-7.03333
86333,42.8721719,-7.81426985
86357,-56.5573577,-109.4791708
86375,41.64292,-0.88711
86385,42.6377841,-1.8502237
86444,43.54092593245749,-5.650198251465129
86483,40.266415,-3.7613175
86542,42.6978274,-7.54317
86544,42.6978274,-7.54317
86604,42.7802,-7.41375
86640,43.26702952,-2.49706997
86713,36.4417745,-6.3176632
86736,42.87058598934123,-8.544675707817078
86756,42.76401424,-7.90691801
86772,42.47304829,-2.4633824
86826,42.7890168,-1.6946203
86829,42.4069595,-7.6052466
86988,42.76401424,-7.90691801
87042,42.2571919,-5.1108638
87052,42.87684,-8.54432
87122,43.3491258,-5.0306795
87180,43.00952,-7.56941
87193,43.012616,-7.55486828
87202,42.80585897,-7.61752788
87206,53.1992829,-6.2820377
87240,20.3568693,-87.777003
87250,40.47396,-3.8721
87251,42.9839418,-8.1017157
87264,42.8800507,-8.54469816
87268,37.3016429,-6.249697
87308,51.371456,-0.535479
87360,42.34085181067075,-8.612097535493234
87379,42.5840716,-5.7490472
87402,42.4552305,-6.15611359
87421,51.6881851,-10.6195445
87485,43.13631,-1.22077
87499,43.16334,-1.23743
87549,42.284782,-3.794911
87563,51.417277,-0.259465
87698,42.3523587,-6.1054274
87726,41.7807617,-8.8766668
87784,42.5665948,-8.7255592
87900,44.99719,3.81995
87903,42.86606151,-8.57369458
87947,51.4192154,-10.2254601
87951,43.16334,-1.23743
87963,43.48684,-8.22736
88038,51.410792,-0.15191
88082,41.5231077,-4.928146
88094,42.45904,-5.8829
88099,41.606343,-8.8817203
88109,45.04202,3.88329
88170,40.42186798266257,-3.709577670990805
88314,42.47304829,-2.4633824
88517,37.40608046,-5.99873259
88617,39.6606965,-4.9203171
88674,41.414037,-8.745894
88732,41.2554886,-8.7681048
88740,19.2970107,-99.2058092
88867,51.417277,-0.259465
88961,37.6642548,-4.9970099
88994,-34.582375337875035,-58.39800714827845
89139,42.7140162,-8.6836364
89171,42.8227852,-8.7248383
89179,37.9404861,-7.3367352
89194,42.87684,-8.54432
89205,42.8237296,-8.6323091
89206,42.7140162,-8.6836364
89224,41.3170475,2.0524766
89310,51.45559277,-0.31865614
89356,-34.35839,18.3180332
89395,42.87684,-8.54432
89422,42.9333,-8.33333
89430,43.2176389,-2.0866885
89482,42.8825738,-7.7352642
89484,42.8825738,-7.7352642
89560,19.2657204,-99.567073
89614,38.6849794,-9.118448
89631,53.3508617,-6.4757083
89644,53.3508617,-6.4757083
89713,51.45559277,-0.31865614
89721,42.8237296,-8.6323091
89722,42.91322453,-8.01140964
89733,42.31819161,-2.62347016
89752,42.8237296,-8.6323091
89809,43.2788671,-6.0201004
89820,47.449723,8.656398
89826,42.8667,-7.86667
89830,43.3333,-6.0
89843,43.5421,-5.6634
89858,46.8,7.15
89861,42.8733828,-8.4220263
89866,42.8800507,-8.54469816
89939,46.8,7.15
89967,42.6310235,-2.0680288
89976,43.46158096,-3.7223281
89984,47.4953154,-122.436232
89990,42.8433824,-8.3012515
90013,42.87684,-8.54432
90065,46.8222,7.26081
90089,42.60946,-6.80856
90130,42.8164467,-7.9995922
90141,42.9333,-8.33333
90148,50.4077921,-3.8178324
90149,42.3358,-7.8639
90178,42.5471618,-5.6313015
90205,42.56969561,-8.05208851
90244,43.9374907,12.4583158
90245,43.9374907,12.4583158
90246,43.9374907,12.4583158
90248,43.9374907,12.4583158
90286,51.568384,8.412167
90295,42.9089325,-9.2629074
90301,42.7556589,-7.7660515
90333,42.3358,-7.8639
90337,42.76401424,-7.90691801
90344,42.03448,-6.90623
90436,42.8237296,-8.6323091
90437,42.52623,-8.63892
90443,53.3508617,-6.4757083
90495,41.5064717,2.0464922
90505,46.664434,7.8267765
90528,44.4619341,1.6093313
90529,44.5777977,1.898221
90570,42.00694,-6.2274
90580,41.82632,-5.95887
90587,42.76401424,-7.90691801
90643,42.7959045,-0.52689314
90650,43.3636399,-8.40725
90673,42.2214932,0.4127165
90689,42.8433824,-8.3012515
90692,42.3758098,0.6336739
90715,40.4882,-3.3645
90723,42.2322796,3.1313387
90810,41.1383457,-8.6912275
90820,42.5683,-2.19218
90851,53.13918,19.118516
90886,42.6377841,-1.8502237
90910,42.440393171695064,-2.9533903811438513
90929,42.8433824,-8.3012515
90997,42.8800507,-8.54469816
91042,42.4290487,-2.5422324
91062,54.004004,-1.2289458
91140,42.5342268,-8.264704
91211,42.43246,-8.65237
91335,40.266415,-3.7613175
91463,42.569695612500944,-8.052088509824124
91531,52.9675677,-10.2445252
91546,42.76401424,-7.90691801
91614,41.8078139,-9.2995163
91631,41.4942249,-1.3664728
91645,42.87684,-8.54432
91711,42.5471618,-5.6313015
91731,42.7556589,-7.7660515
91763,42.42734,-3.09928
91784,42.8237296,-8.6323091
91803,42.8433824,-8.3012515
91842,40.0,-3.0
91869,42.87782,-8.54846
91881,42.8237296,-8.6323091
91915,41.0093088,-8.6738706
91956,42.87684,-8.54432
91959,42.46131649695981,-8.752916477502112
91967,42.87684,-8.54432
91973,42.660783118156985,-2.8829384655544255
91981,42.3560132,-5.1874577
91988,42.87684,-8.54432
91991,42.88205034,-8.54499498
91997,52.381063,-2.033651
92017,42.8743764,-8.1340903
92019,42.57134,-1.28058
92024,-34.674453,-58.5317922
92059,41.5382539,0.0253979
92080,42.87684,-8.54432
92091,42.9165,-8.33175
92094,42.92936973,-8.15558133
92130,51.35804295,1.4427182
92132,41.0545616,1.1006098
92137,47.6589,-117.425
92148,42.7902708,-7.61734391
92156,42.87300021,-7.86851355
92219,37.1359031,-3.6997962
92268,42.87684,-8.54432
92274,42.8,-7.61667
92279,42.8,-7.61667
92289,42.8,-7.61667
92304,-34.674453,-58.5317922
92307,-34.674453,-58.5317922
92318,42.8237296,-8.6323091
92330,42.7802,-7.41375
92436,42.5325767,-7.9147995
92443,42.4069595,-7.6052466
92484,-34.674453,-58.5317922
92565,42.872963,-7.815316
92575,58.8159564,17.3117064
92577,43.2510021,13.3777865
92583,42.73074,-7.32672
92618,-34.674453,-58.5317922
92628,41.5231077,-4.928146
92636,42.91351885192755,-8.012487719930668
92645,42.8743764,-8.1340903
92705,42.76401424,-7.90691801
92708,42.529133,-6.7906005
92736,42.76401424,-7.90691801
92746,42.76401424,-7.90691801
92820,43.0991959,-6.8480354
92836,42.7556589,-7.7660515
92843,38.96187,-5.95776
92872,42.78076571277506,-7.490065664071466
92885,40.4338705,-3.7079011
92896,43.25859022,-4.01347715
92944,39.8845366,-4.5791745
92968,40.41547766,-3.70741404
92980,42.4290487,-2.5422324
93015,40.3120713,-3.8890049
93022,53.395531,-113.71368
93041,42.4290487,-2.5422324
93053,42.1293801,-8.916355
93069,41.90220315,-8.86122468
93119,43.091933,-1.301674
93142,42.5504611,-6.713956
93144,40.3120713,-3.8890049
93177,43.21044,-3.09669
93198,40.3120713,-3.8890049
93251,43.304056,-8.3846503
93257,42.1293801,-8.916355
93337,40.3120713,-3.8890049
93349,42.59944444,-5.56666667
93366,42.87684,-8.54432
93389,40.48194444,-3.7425
93401,42.87684,-8.54432
93503,40.3120713,-3.8890049
93504,42.712709,-7.126102
93507,42.2370601,-2.0300028
93541,42.2370601,-2.0300028
93555,42.930211268262184,-1.5045054571513938
93609,42.70772695155363,-7.045887487469637
93656,42.31294,-4.04614
93717,42.7556589,-7.7660515
93760,42.8237296,-8.6323091
93792,42.2370601,-2.0300028
93799,42.87684,-8.54432
93872,38.3612797,-6.4304335
93881,53.3508617,-6.4757083
93925,42.8237296,-8.6323091
93952,39.8845366,-4.5791745
93968,42.88335573,-8.54855772
94068,40.72775,-3.8596
94106,40.72775,-3.8596
94261,43.0087,-1.31987
94309,41.87362,-8.83634
94327,42.877373146126274,-8.545491426842084
94334,42.37586103179371,-3.4374391524913763
94355,43.5087635,13.3761759
94391,41.056515,-3.5507198
94403,41.2305673,-4.9903284
94455,38.1603479,-0.6564332
94474,42.7777436,-1.7930025
94478,40.2387606,-6.9326182
94517,41.2305673,-4.9903284
94743,41.4505545,-4.3350217
94744,42.01043,-4.53927
94747,42.8800507,-8.54469816
94866,42.90643477,-9.26308
94883,35.421216,-82.681852
94892,42.3980552,-6.4267424
94917,42.90861111,-9.26277778
94926,42.881161,-8.545904
95002,42.138126,-8.525138
95031,42.8262068,-1.6158304
95209,42.7171071,-7.2740352
95260,42.7890168,-1.6946203
95303,42.8237296,-8.6323091
95338,43.56229825,-6.23134698
95395,37.4898822,-6.1865912
95600,42.42490978510558,-8.641149401664734
95690,41.2557,-95.9304
95715,42.8798431,-9.2981391
95727,51.042739,16.8067803
95771,40.35541643,-5.17444887
95792,42.284782,-3.794911
95831,43.2554194,-8.6050008
95919,41.6558738,12.2344266
95955,40.6164123,-4.0305512
95966,41.06810036,-2.64108632
96036,42.7798055,-1.6098367
96150,40.5913803,-3.863572
96204,42.90643477,-9.26308
96263,42.87684,-8.54432
96320,51.2157,4.4141
96531,40.39982501,-3.68506205
96581,42.5504611,-6.713956
96598,42.8237296,-8.6323091
96624,40.45232863,-3.7852457
96682,53.36489,-3.008791
96754,40.0824478,-7.0769549
96865,43.1431011,-1.2466179
96875,27.6377504,-18.1606948
96921,42.53844,-6.51898
96982,42.8237296,-8.6323091
97075,14.752028,73.675735
97094,42.4290487,-2.5422324
97237,40.5820917,-3.8117237
97491,53.2987449,-6.387438
97763,40.3120713,-3.8890049
97770,37.3136131,-6.0284301
98006,53.2987449,-6.387438
98052,42.3667,-7.48333
98086,39.1553066,-6.8026456
98111,42.87684,-8.54432
98158,42.87684,-8.54432
98286,42.66193953,-8.1126199
98294,51.1394924,22.453445
98296,39.8845366,-4.5791745
98316,42.9382,-8.1534
98341,43.46324,-3.80944
98419,42.87300021,-7.86851355
98461,42.3372976,-8.5943119
98462,42.92912003,-8.15537434
98474,42.87300021,-7.86851355
98496,53.36489,-3.008791
98561,42.8,-7.61667
98569,42.8,-7.61667
98606,42.7802,-7.41375
98698,42.7802,-7.41375
98731,40.9144168,-5.7358551
98736,42.7802,-7.41375
98746,42.7802,-7.41375
98772,41.31204,-4.91321
98819,42.59871369,-5.56715012
98983,42.80685762696976,-7.6167353420972885
99059,38.36384655,-0.42907328
99125,42.88324075,-9.2718387
99237,43.4416802,-5.8209772
99248,41.3170475,2.0524766
99284,42.44103447,-2.95237227
99304,42.8237296,-8.6323091
99340,41.4518349,-1.174093
99342,42.8237296,-8.6323091
99409,42.87684,-8.54432
99416,50.84278,-114.3160379
99508,42.8237296,-8.6323091
99535,43.48684,-8.22736
99560,10.2594754,123.7647381
99570,42.8237296,-8.6323091
99582,41.3170475,2.0524766
99592,42.88476,-8.49958
99620,42.8237296,-8.6323091
99626,42.88495389075354,-8.512293407475251
99662,42.8800507,-8.54469816
99789,42.87684,-8.54432
99801,43.34416667,-3.00638889
99825,0.648837,-73.3540725
99848,41.3170475,2.0524766
99859,42.92676,-8.16359
99876,43.2048631,-7.8207879
99961,43.39670587,-4.6364002
99970,47.576298,-122.32816799999999
99974,47.576298,-122.32816799999999
100225,41.3180084,-5.3343739
100264,42.749958,-7.06523
100362,47.4953154,-122.436232
100409,51.84195,6.85639
100424,42.267311053366434,-4.405040813440748
100593,49.8824720005481,-6.36850399906372
100696,42.3430948,-8.6984109
100716,28.046786292193488,-16.579915712484684
100726,42.8075088442035,-7.616380558084776
100783,40.0824478,-7.0769549
100816,42.7589216,-4.8530507
100872,42.284782,-3.794911
100878,-35.348970061,138.44212992
100888,40.3120713,-3.8890049
100920,43.34894,-8.20723
101006,53.3478,-6.2597
101255,53.2987449,-6.387438
101272,43.3013771,-8.4712842
101485,42.90643477,-9.26308
101518,-3.7293,-38.5266
101525,42.594587,-9.0659209
101620,42.8825738,-7.7352642
101646,42.8182859,-1.6442396
101708,42.87684,-8.54432
101730,41.3474408,2.035787
101745,53.2987449,-6.387438
101752,42.284782,-3.794911
101761,53.178753,-6.5468143
101767,53.32697038,-6.22936151
101857,40.43270598,-3.69734598
101892,43.2601723,-2.9097814
101967,40.48710125,-3.69420172
102142,41.3474408,2.035787
102174,-34.9801634,-58.491052
102213,33.6841,-117.793
102231,65.6631379,20.3619662
102233,41.9387994,-4.2523828
102254,42.2581675,-4.6913731
